audio_path,speaker,time_start,time_end,text
0a1329fe7bb145e3b2ad3cacf5213661_(1)_transcript_labeled.wav,agent,0.0,4.075,All calls are recorded for quality and training purposes.
0a1329fe7bb145e3b2ad3cacf5213661_(1)_transcript_labeled.wav,agent,4.475,10.641,Thank you for calling your locally owned [OCCUPATION] [OCCUPATION] where we fix all your pains.
0a1329fe7bb145e3b2ad3cacf5213661_(1)_transcript_labeled.wav,agent,11.041,14.701,Your [OCCUPATION] is currently assisting another caller.
0a1329fe7bb145e3b2ad3cacf5213661_(1)_transcript_labeled.wav,customer,15.101,17.416,Please stay the line.
0a1329fe7bb145e3b2ad3cacf5213661_(1)_transcript_labeled.wav,agent,17.816,24.355,I'll be happy to assist you with all your glass needs.
0a1329fe7bb145e3b2ad3cacf5213661_(1)_transcript_labeled.wav,customer,24.755,28.276,Thanks for calling [ORGANIZATION] [ORGANIZATION].
0a1329fe7bb145e3b2ad3cacf5213661_(1)_transcript_labeled.wav,agent,28.676,34.191,[ORGANIZATION] [ORGANIZATION].
0a1329fe7bb145e3b2ad3cacf5213661_(1)_transcript_labeled.wav,customer,34.591,38.581,[ORGANIZATION] [ORGANIZATION] paane.
0a1329fe7bb145e3b2ad3cacf5213661_(1)_transcript_labeled.wav,agent,38.981,41.905,This is [PERSON_NAME].
0a1329fe7bb145e3b2ad3cacf5213661_(1)_transcript_labeled.wav,agent,42.305,43.969,How can I help you?
0a1329fe7bb145e3b2ad3cacf5213661_(1)_transcript_labeled.wav,customer,44.369,46.407,"Yes, please."
0a1329fe7bb145e3b2ad3cacf5213661_(1)_transcript_labeled.wav,agent,46.807,52.792,I'm calling because I would like to see if I can get glass silver film in my trailer that I'm purchasing.
0a1329fe7bb145e3b2ad3cacf5213661_(1)_transcript_labeled.wav,agent,53.192,57.598,"Okay, so you need some done to your trailers, is that correct?"
0a1329fe7bb145e3b2ad3cacf5213661_(1)_transcript_labeled.wav,agent,57.998,61.615,"Yes, I can take your information."
0a1329fe7bb145e3b2ad3cacf5213661_(1)_transcript_labeled.wav,customer,62.015,64.65,Have somebody give you a call with a quote.
0a1329fe7bb145e3b2ad3cacf5213661_(1)_transcript_labeled.wav,agent,65.05,67.045,"What is your name, please?"
0a1329fe7bb145e3b2ad3cacf5213661_(1)_transcript_labeled.wav,customer,67.445,76.907,[PERSON_NAME] [PERSON_NAME] [PERSON_NAME] [PERSON_NAME] [PERSON_NAME] [PERSON_NAME] [PERSON_NAME] [PERSON_NAME].
0a1329fe7bb145e3b2ad3cacf5213661_(1)_transcript_labeled.wav,agent,77.307,88.999,[PERSON_NAME] [PERSON_NAME] [PERSON_NAME] [PERSON_NAME] [PERSON_NAME] [PERSON_NAME] [PERSON_NAME] My trailer.
0a1329fe7bb145e3b2ad3cacf5213661_(1)_transcript_labeled.wav,customer,89.399,104.813,[PERSON_NAME] [PERSON_NAME] [PERSON_NAME] [PERSON_NAME] [PERSON_NAME] [PERSON_NAME] [PERSON_NAME] [PERSON_NAME] [PERSON_NAME] [PERSON_NAME] [PERSON_NAME] [PERSON_NAME] Good.
0a1329fe7bb145e3b2ad3cacf5213661_(1)_transcript_labeled.wav,agent,105.213,106.739,"Phone number, please?"
0a1329fe7bb145e3b2ad3cacf5213661_(1)_transcript_labeled.wav,customer,107.139,108.249,Yes.
0a1329fe7bb145e3b2ad3cacf5213661_(1)_transcript_labeled.wav,agent,108.649,114.025,[PHONE_NUMBER].
0a1329fe7bb145e3b2ad3cacf5213661_(1)_transcript_labeled.wav,agent,114.425,117.711,That's your reference number here.
0a1329fe7bb145e3b2ad3cacf5213661_(1)_transcript_labeled.wav,customer,118.111,121.536,So if you call refer that number.
0a1329fe7bb145e3b2ad3cacf5213661_(1)_transcript_labeled.wav,agent,121.936,128.529,"We answered [DURATION] [DURATION], [PHONE_NUMBER] [PHONE_NUMBER]."
0a1329fe7bb145e3b2ad3cacf5213661_(1)_transcript_labeled.wav,customer,128.929,132.172,"How did you find us today, Ms. [PERSON_NAME]?"
0a1329fe7bb145e3b2ad3cacf5213661_(1)_transcript_labeled.wav,agent,132.572,135.165,Online.
0a1329fe7bb145e3b2ad3cacf5213661_(1)_transcript_labeled.wav,customer,135.565,137.699,I was looking online.
0a1329fe7bb145e3b2ad3cacf5213661_(1)_transcript_labeled.wav,agent,138.099,139.721,Appreciate that.
0a1329fe7bb145e3b2ad3cacf5213661_(1)_transcript_labeled.wav,customer,140.121,147.033,"Last [OCCUPATION] been around since [DATE_INTERVAL] and all the [OCCUPATION] who are trained, license and certified."
0a1329fe7bb145e3b2ad3cacf5213661_(1)_transcript_labeled.wav,agent,147.433,149.653,"What is your zip code, please?"
0a1329fe7bb145e3b2ad3cacf5213661_(1)_transcript_labeled.wav,customer,150.053,155.152,[LOCATION] [LOCATION] [LOCATION].
0a1329fe7bb145e3b2ad3cacf5213661_(1)_transcript_labeled.wav,agent,155.552,159.35,Thank you.
0a1329fe7bb145e3b2ad3cacf5213661_(1)_transcript_labeled.wav,customer,159.75,163.505,"Okay, so you have a trailer and you need some film for the glass?"
0a1329fe7bb145e3b2ad3cacf5213661_(1)_transcript_labeled.wav,agent,163.905,168.407,"Yeah, the film for my windows, like 10, not Tenint."
0a1329fe7bb145e3b2ad3cacf5213661_(1)_transcript_labeled.wav,customer,168.807,172.52,"Well, I guess, but it's supposed to be the kind of."
0a1329fe7bb145e3b2ad3cacf5213661_(1)_transcript_labeled.wav,agent,172.92,175.513,It's decorative and you can'see.
0a1329fe7bb145e3b2ad3cacf5213661_(1)_transcript_labeled.wav,customer,175.913,177.673,One way through it.
0a1329fe7bb145e3b2ad3cacf5213661_(1)_transcript_labeled.wav,agent,178.073,180.346,Okay.
0a1329fe7bb145e3b2ad3cacf5213661_(1)_transcript_labeled.wav,customer,180.746,183.669,"You can see out, but you can't see in."
0a1329fe7bb145e3b2ad3cacf5213661_(1)_transcript_labeled.wav,agent,184.069,186.993,Okay.
0a1329fe7bb145e3b2ad3cacf5213661_(1)_transcript_labeled.wav,customer,187.393,189.751,So it's got the privacy tent to it.
0a1329fe7bb145e3b2ad3cacf5213661_(1)_transcript_labeled.wav,agent,190.151,193.255,Yeah.
0a1329fe7bb145e3b2ad3cacf5213661_(1)_transcript_labeled.wav,customer,193.655,197.784,"Okay, well, let me have somebody give you a call soon as'able, ma'am."
0a1329fe7bb145e3b2ad3cacf5213661_(1)_transcript_labeled.wav,agent,198.184,205.513,"We are generally Monday through Friday, [TIME] to [TIME], so you probably won't hear from somebody till Monday."
0a1329fe7bb145e3b2ad3cacf5213661_(1)_transcript_labeled.wav,customer,205.913,207.62,Okay.
0a1329fe7bb145e3b2ad3cacf5213661_(1)_transcript_labeled.wav,agent,208.02,211.733,Tell them if I don't answer the phone because.
0a1329fe7bb145e3b2ad3cacf5213661_(1)_transcript_labeled.wav,customer,212.133,217.509,Which I don't answer the phone a lot because there's a lot of [OCCUPATION] to leave a message.
0a1329fe7bb145e3b2ad3cacf5213661_(1)_transcript_labeled.wav,agent,217.909,220.043,"Oh, absolutely."
0a1329fe7bb145e3b2ad3cacf5213661_(1)_transcript_labeled.wav,customer,220.443,222.481,Would you like us to text?
0a1329fe7bb145e3b2ad3cacf5213661_(1)_transcript_labeled.wav,agent,222.881,224.546,Would that be easier?
0a1329fe7bb145e3b2ad3cacf5213661_(1)_transcript_labeled.wav,customer,224.946,227.443,"Yep, they could do that too."
0a1329fe7bb145e3b2ad3cacf5213661_(1)_transcript_labeled.wav,agent,227.843,234.009,"Okay, what is your address please, in [LOCATION] [LOCATION]?"
0a1329fe7bb145e3b2ad3cacf5213661_(1)_transcript_labeled.wav,customer,234.409,236.959,"Well, my address is."
0a1329fe7bb145e3b2ad3cacf5213661_(1)_transcript_labeled.wav,agent,237.359,241.157,But this is not the property that I want the stuff.
0a1329fe7bb145e3b2ad3cacf5213661_(1)_transcript_labeled.wav,customer,241.557,242.944,Okay.
0a1329fe7bb145e3b2ad3cacf5213661_(1)_transcript_labeled.wav,agent,243.344,245.339,Because my.
0a1329fe7bb145e3b2ad3cacf5213661_(1)_transcript_labeled.wav,customer,245.739,250.465,"My trailers in [LOCATION], [LOCATION]."
0a1329fe7bb145e3b2ad3cacf5213661_(1)_transcript_labeled.wav,agent,250.865,254.802,"My trailer in [LOCATION], [LOCATION]."
0a1329fe7bb145e3b2ad3cacf5213661_(1)_transcript_labeled.wav,customer,255.202,257.144,That's where it's going to be.
0a1329fe7bb145e3b2ad3cacf5213661_(1)_transcript_labeled.wav,agent,257.544,261.203,"All right, ma'am, I'll have somed give you a call Monday."
0a1329fe7bb145e3b2ad3cacf5213661_(1)_transcript_labeled.wav,customer,261.603,264.153,We'get this all figured out for you.
0a1329fe7bb145e3b2ad3cacf5213661_(1)_transcript_labeled.wav,agent,264.553,265.802,Okay?
0a1329fe7bb145e3b2ad3cacf5213661_(1)_transcript_labeled.wav,customer,266.202,267.451,Thank you.
0a1329fe7bb145e3b2ad3cacf5213661_(1)_transcript_labeled.wav,agent,267.851,269.142,You're welcome.
0a1329fe7bb145e3b2ad3cacf5213661_(1)_transcript_labeled.wav,customer,269.542,271.025,You have a good one.
0a1329fe7bb145e3b2ad3cacf5213661_(1)_transcript_labeled.wav,agent,271.425,274.626,Keep us in mind for all your glass needs.
0a1329fe7bb145e3b2ad3cacf5213661_(1)_transcript_labeled.wav,customer,275.026,278.131,Thanks for calling [OCCUPATION] [OCCUPATION].
0a1329fe7bb145e3b2ad3cacf5213661_(1)_transcript_labeled.wav,agent,278.531,279.779,Thank you.
0a1329fe7bb145e3b2ad3cacf5213661_(1)_transcript_labeled.wav,customer,280.179,281.748,Bye bye.
0a1329fe7bb145e3b2ad3cacf5213661_(1)_transcript_labeled.wav,agent,282.148,283.301,Thank you.
0a1329fe7bb145e3b2ad3cacf5213661_(1)_transcript_labeled.wav,customer,283.701,285.504,Bye.
0a1329fe7bb145e3b2ad3cacf5213661_(1)_transcript_labeled.wav,agent,285.904,287.43,Caller has hung up.
0a1329fe7bb145e3b2ad3cacf5213661_(1)_transcript_labeled.wav,agent,287.83,290.796,Please enter your phone code.
0a1329fe7bb145e3b2ad3cacf5213661_(1)_transcript_labeled.wav,customer,291.196,292.957,Caller has hung up.
0a1329fe7bb145e3b2ad3cacf5213661_(1)_transcript_labeled.wav,agent,293.357,296.365,Please enter your phone code.
0a48381bb5be4a0eb95684680aef412f_transcript_labeled.wav,agent,0.0,7.094,Thank you for calling [ORGANIZATION] [ORGANIZATION] Or we fix your hanes to talk to a live customer.
0a48381bb5be4a0eb95684680aef412f_transcript_labeled.wav,customer,7.494,11.292,Represent.
0a48381bb5be4a0eb95684680aef412f_transcript_labeled.wav,agent,11.692,14.05,Thank you.
0a48381bb5be4a0eb95684680aef412f_transcript_labeled.wav,customer,14.45,20.296,[ORGANIZATION].
0a48381bb5be4a0eb95684680aef412f_transcript_labeled.wav,agent,20.696,26.126,[ORGANIZATION].
0a48381bb5be4a0eb95684680aef412f_transcript_labeled.wav,agent,26.526,28.425,We fixed your pains.
0a48381bb5be4a0eb95684680aef412f_transcript_labeled.wav,agent,28.825,30.394,How may I help you?
0a48381bb5be4a0eb95684680aef412f_transcript_labeled.wav,customer,30.794,33.429,"Yeah, good morning."
0a48381bb5be4a0eb95684680aef412f_transcript_labeled.wav,agent,33.829,39.718,I wanted to see about getting a new windshield for a 2014Jeep Wrangler.
0a48381bb5be4a0eb95684680aef412f_transcript_labeled.wav,customer,40.118,42.753,Okay.
0a48381bb5be4a0eb95684680aef412f_transcript_labeled.wav,agent,43.153,45.373,What county are you calling from?
0a48381bb5be4a0eb95684680aef412f_transcript_labeled.wav,customer,45.773,52.269,[LOCATION].
0a48381bb5be4a0eb95684680aef412f_transcript_labeled.wav,agent,52.669,55.774,"Okay, and what's the phone number, please?"
0a48381bb5be4a0eb95684680aef412f_transcript_labeled.wav,customer,56.174,61.743,[PHONE_NUMBER].
0a48381bb5be4a0eb95684680aef412f_transcript_labeled.wav,agent,62.143,67.893,And first name [PERSON_NAME].
0a48381bb5be4a0eb95684680aef412f_transcript_labeled.wav,customer,68.293,72.795,And last name [PERSON_NAME].
0a48381bb5be4a0eb95684680aef412f_transcript_labeled.wav,agent,73.195,86.283,"It's [PERSON_NAME], [PERSON_NAME], [PERSON_NAME] [PERSON_NAME] [PERSON_NAME] [PERSON_NAME] [PERSON_NAME]."
0a48381bb5be4a0eb95684680aef412f_transcript_labeled.wav,customer,86.683,88.252,All right.
0a48381bb5be4a0eb95684680aef412f_transcript_labeled.wav,agent,88.652,91.287,A door or four door?
0a48381bb5be4a0eb95684680aef412f_transcript_labeled.wav,customer,91.687,93.256,Two door.
0a48381bb5be4a0eb95684680aef412f_transcript_labeled.wav,agent,93.656,96.067,All right.
0a48381bb5be4a0eb95684680aef412f_transcript_labeled.wav,customer,96.467,100.084,Does it t have the [ORGANIZATION] grill in it?
0a48381bb5be4a0eb95684680aef412f_transcript_labeled.wav,agent,100.484,103.119,It does not.
0a48381bb5be4a0eb95684680aef412f_transcript_labeled.wav,customer,103.519,111.04,And does have the blue shade in it or does not matter to you at the top?
0a48381bb5be4a0eb95684680aef412f_transcript_labeled.wav,customer,111.44,115.803,Blue shadee like a blue stripop?
0a48381bb5be4a0eb95684680aef412f_transcript_labeled.wav,agent,116.203,118.199,I don't believe so.
0a48381bb5be4a0eb95684680aef412f_transcript_labeled.wav,customer,118.599,121.799,I'm just checking the availability of that.
0a48381bb5be4a0eb95684680aef412f_transcript_labeled.wav,agent,122.199,129.069,"All right, that one shields, $[MONEY_AMOUNT] plus tax and that includes installation."
0a48381bb5be4a0eb95684680aef412f_transcript_labeled.wav,customer,129.469,132.478,Okay.
0a48381bb5be4a0eb95684680aef412f_transcript_labeled.wav,agent,132.878,134.447,Do you want to set something up?
0a48381bb5be4a0eb95684680aef412f_transcript_labeled.wav,customer,134.847,135.999,Yes.
0a48381bb5be4a0eb95684680aef412f_transcript_labeled.wav,agent,136.399,140.763,"Okay, and would that be at our shop in [LOCATION] [LOCATION]?"
0a48381bb5be4a0eb95684680aef412f_transcript_labeled.wav,customer,141.163,148.545,I was going to see if you guys could come to my office here on [LOCATION] [LOCATION] in [LOCATION].
0a48381bb5be4a0eb95684680aef412f_transcript_labeled.wav,agent,148.945,151.399,All right.
0a48381bb5be4a0eb95684680aef412f_transcript_labeled.wav,customer,151.799,155.97,"If we come to you, we would need a garage in case of rain."
0a48381bb5be4a0eb95684680aef412f_transcript_labeled.wav,agent,156.37,160.36,If it is raining that [DURATION].
0a48381bb5be4a0eb95684680aef412f_transcript_labeled.wav,agent,160.76,164.185,We would have to reschedule if you don't have a garage.
0a48381bb5be4a0eb95684680aef412f_transcript_labeled.wav,customer,164.585,167.412,Okay.
0a48381bb5be4a0eb95684680aef412f_transcript_labeled.wav,agent,167.812,171.429,"Okay, so let's start by getting your address first."
0a48381bb5be4a0eb95684680aef412f_transcript_labeled.wav,customer,171.829,175.115,The address here is.
0a48381bb5be4a0eb95684680aef412f_transcript_labeled.wav,agent,175.515,177.595,What's.
0a48381bb5be4a0eb95684680aef412f_transcript_labeled.wav,agent,177.995,179.564,What is your address?
0a48381bb5be4a0eb95684680aef412f_transcript_labeled.wav,customer,179.964,186.461,My like where I live is [LOCATION] [LOCATION] [LOCATION] [LOCATION].
0a48381bb5be4a0eb95684680aef412f_transcript_labeled.wav,agent,186.861,190.104,I may pop up in your system.
0a48381bb5be4a0eb95684680aef412f_transcript_labeled.wav,customer,190.504,196.947,[LOCATION].
0a48381bb5be4a0eb95684680aef412f_transcript_labeled.wav,agent,197.347,203.097,And is that in [LOCATION] or [LOCATION]?
0a48381bb5be4a0eb95684680aef412f_transcript_labeled.wav,customer,203.497,206.741,Either one.
0a48381bb5be4a0eb95684680aef412f_transcript_labeled.wav,agent,207.141,210.245,Okay.
0a48381bb5be4a0eb95684680aef412f_transcript_labeled.wav,customer,210.645,215.051,All right.
0a48381bb5be4a0eb95684680aef412f_transcript_labeled.wav,agent,215.451,218.044,And what is the address we're coming to?
0a48381bb5be4a0eb95684680aef412f_transcript_labeled.wav,customer,218.444,228.653,It would be [LOCATION] [LOCATION] [LOCATION].
0a48381bb5be4a0eb95684680aef412f_transcript_labeled.wav,agent,229.053,235.496,And the zip codeanedalee 43701 yesanevillekay.
0a48381bb5be4a0eb95684680aef412f_transcript_labeled.wav,customer,235.896,238.958,And is that a business?
0a48381bb5be4a0eb95684680aef412f_transcript_labeled.wav,agent,239.358,244.137,"Yeah, it's where the [ORGANIZATION] [ORGANIZATION] and child support is."
0a48381bb5be4a0eb95684680aef412f_transcript_labeled.wav,customer,244.537,252.143,Okay.
0a48381bb5be4a0eb95684680aef412f_transcript_labeled.wav,agent,252.543,256.117,"Okay, now let's see the [DURATION] we can do that."
0a48381bb5be4a0eb95684680aef412f_transcript_labeled.wav,customer,256.517,263.526,We could do that on [DATE] [DATE] [DATE] in the afternoon.
0a48381bb5be4a0eb95684680aef412f_transcript_labeled.wav,agent,263.926,268.609,[DATE] [DATE] [DATE]?
0a48381bb5be4a0eb95684680aef412f_transcript_labeled.wav,customer,269.009,271.794,Yeah.
0a48381bb5be4a0eb95684680aef412f_transcript_labeled.wav,agent,272.194,273.816,Be next Tuesday.
0a48381bb5be4a0eb95684680aef412f_transcript_labeled.wav,customer,274.216,277.001,Okay.
0a48381bb5be4a0eb95684680aef412f_transcript_labeled.wav,agent,277.401,278.969,Would that work for you?
0a48381bb5be4a0eb95684680aef412f_transcript_labeled.wav,customer,279.369,281.546,"Yeah, that works."
0a48381bb5be4a0eb95684680aef412f_transcript_labeled.wav,agent,281.946,284.677,"All right, we will put that down for you."
0a48381bb5be4a0eb95684680aef412f_transcript_labeled.wav,customer,285.077,288.737,Okay.
0a48381bb5be4a0eb95684680aef412f_transcript_labeled.wav,agent,289.137,304.593,"And can you put a note in there that they'll have to like drive all the way around to the backside or the backside of the parking lot, like through where it employee only."
0a48381bb5be4a0eb95684680aef412f_transcript_labeled.wav,customer,304.993,307.213,"Okay, I put that."
0a48381bb5be4a0eb95684680aef412f_transcript_labeled.wav,agent,307.613,309.747,Okay.
0a48381bb5be4a0eb95684680aef412f_transcript_labeled.wav,customer,310.147,313.763,"All right, very good."
0a48381bb5be4a0eb95684680aef412f_transcript_labeled.wav,agent,314.163,317.364,And they'll call you that [DURATION] also.
0a48381bb5be4a0eb95684680aef412f_transcript_labeled.wav,customer,317.764,320.965,Okay.
0a48381bb5be4a0eb95684680aef412f_transcript_labeled.wav,agent,321.365,323.307,Okay.
0a48381bb5be4a0eb95684680aef412f_transcript_labeled.wav,customer,323.707,325.745,When they're on their way.
0a48381bb5be4a0eb95684680aef412f_transcript_labeled.wav,agent,326.145,327.532,"All right, great."
0a48381bb5be4a0eb95684680aef412f_transcript_labeled.wav,customer,327.932,332.103,Thank you all.
0a48381bb5be4a0eb95684680aef412f_transcript_labeled.wav,agent,332.503,334.776,"All right, bye."
0a9fb8a8f466432aa5a47334190f41ea_(4)_transcript_labeled.wav,agent,0.0,6.913,Thank you for calling [ORGANIZATION] [ORGANIZATION] community of [OCCUPATION] [OCCUPATION].
0a9fb8a8f466432aa5a47334190f41ea_(4)_transcript_labeled.wav,customer,7.313,11.249,We make finding trusted [OCCUPATION] [OCCUPATION].
0a9fb8a8f466432aa5a47334190f41ea_(4)_transcript_labeled.wav,agent,11.649,22.327,Thank you for calling [ORGANIZATION] [ORGANIZATION] [ORGANIZATION] [ORGANIZATION] [ORGANIZATION] [ORGANIZATION] [ORGANIZATION].
0a9fb8a8f466432aa5a47334190f41ea_(4)_transcript_labeled.wav,agent,22.727,25.789,This is [PERSON_NAME].
0a9fb8a8f466432aa5a47334190f41ea_(4)_transcript_labeled.wav,agent,26.189,28.366,How can I help you today?
0a9fb8a8f466432aa5a47334190f41ea_(4)_transcript_labeled.wav,customer,28.766,30.473,"Yes, I'm sorry."
0a9fb8a8f466432aa5a47334190f41ea_(4)_transcript_labeled.wav,agent,30.873,32.026,Hello?
0a9fb8a8f466432aa5a47334190f41ea_(4)_transcript_labeled.wav,customer,32.426,34.645,I need to have a trauma come out.
0a9fb8a8f466432aa5a47334190f41ea_(4)_transcript_labeled.wav,agent,35.045,36.337,"Are you there, sir?"
0a9fb8a8f466432aa5a47334190f41ea_(4)_transcript_labeled.wav,customer,36.737,39.191,"Yes, can you hear me?"
0a9fb8a8f466432aa5a47334190f41ea_(4)_transcript_labeled.wav,agent,39.591,41.81,"Yes, I can hear you now."
0a9fb8a8f466432aa5a47334190f41ea_(4)_transcript_labeled.wav,customer,42.21,43.32,Hello?
0a9fb8a8f466432aa5a47334190f41ea_(4)_transcript_labeled.wav,agent,43.72,45.854,Hello?
0a9fb8a8f466432aa5a47334190f41ea_(4)_transcript_labeled.wav,customer,46.254,48.527,"Yes, sir, I can hear you now."
0a9fb8a8f466432aa5a47334190f41ea_(4)_transcript_labeled.wav,agent,48.927,50.037,Okay.
0a9fb8a8f466432aa5a47334190f41ea_(4)_transcript_labeled.wav,customer,50.437,53.915,I need a [OCCUPATION] to repair two leaky toilets.
0a9fb8a8f466432aa5a47334190f41ea_(4)_transcript_labeled.wav,agent,54.315,57.889,But I'm also curious as to do you provide estimates.
0a9fb8a8f466432aa5a47334190f41ea_(4)_transcript_labeled.wav,customer,58.289,60.465,I don't want to have them do the work.
0a9fb8a8f466432aa5a47334190f41ea_(4)_transcript_labeled.wav,agent,60.865,66.061,And it's a [MONEY_AMOUNT] [MONEY_AMOUNT].
0a9fb8a8f466432aa5a47334190f41ea_(4)_transcript_labeled.wav,customer,66.461,70.963,So it's a leaky toilet that you want to get fixed and you want to know the estimate.
0a9fb8a8f466432aa5a47334190f41ea_(4)_transcript_labeled.wav,agent,71.363,73.262,Okay.
0a9fb8a8f466432aa5a47334190f41ea_(4)_transcript_labeled.wav,customer,73.662,75.935,Correct.
0a9fb8a8f466432aa5a47334190f41ea_(4)_transcript_labeled.wav,agent,76.335,82.831,"Unfortunately, we're not able to discuss prices over the phone or give pricees over the phone."
0a9fb8a8f466432aa5a47334190f41ea_(4)_transcript_labeled.wav,customer,83.231,89.216,What I can go ahead and do for you today is I can go ahead and book an appointipment for you.
0a9fb8a8f466432aa5a47334190f41ea_(4)_transcript_labeled.wav,agent,89.616,96.155,Have one of the professionals call you before they arrive to your house so you can discuss any type of prices with them.
0a9fb8a8f466432aa5a47334190f41ea_(4)_transcript_labeled.wav,customer,96.555,100.727,"And in case you don't want anything, you can go ahead and cancel right away."
0a9fb8a8f466432aa5a47334190f41ea_(4)_transcript_labeled.wav,agent,101.127,102.973,Is that okay?
0a9fb8a8f466432aa5a47334190f41ea_(4)_transcript_labeled.wav,customer,103.373,104.483,Sure.
0a9fb8a8f466432aa5a47334190f41ea_(4)_transcript_labeled.wav,agent,104.883,108.222,"May I please have your first and last name, sir?"
0a9fb8a8f466432aa5a47334190f41ea_(4)_transcript_labeled.wav,customer,108.622,112.047,[PERSON_NAME] [PERSON_NAME].
0a9fb8a8f466432aa5a47334190f41ea_(4)_transcript_labeled.wav,agent,112.447,122.378,[PERSON_NAME] [PERSON_NAME] [PERSON_NAME] [PERSON_NAME] [PERSON_NAME] [PERSON_NAME] [PERSON_NAME].
0a9fb8a8f466432aa5a47334190f41ea_(4)_transcript_labeled.wav,customer,122.778,124.859,"Give me one second, please."
0a9fb8a8f466432aa5a47334190f41ea_(4)_transcript_labeled.wav,agent,125.259,130.731,"I show the phone number [PERSON_NAME] you're calling in today, would it be the one too?"
0a9fb8a8f466432aa5a47334190f41ea_(4)_transcript_labeled.wav,customer,131.131,132.7,"Yes, it would."
0a9fb8a8f466432aa5a47334190f41ea_(4)_transcript_labeled.wav,agent,133.1,137.549,And you said a person will be [PERSON_NAME] [PERSON_NAME].
0a9fb8a8f466432aa5a47334190f41ea_(4)_transcript_labeled.wav,customer,137.949,139.336,[PERSON_NAME]?
0a9fb8a8f466432aa5a47334190f41ea_(4)_transcript_labeled.wav,agent,139.736,142.286,Correct.
0a9fb8a8f466432aa5a47334190f41ea_(4)_transcript_labeled.wav,customer,142.686,148.201,"And the zip code of the property you'calling about, would it be that [LOCATION]?"
0a9fb8a8f466432aa5a47334190f41ea_(4)_transcript_labeled.wav,agent,148.601,150.959,"No, [LOCATION]."
0a9fb8a8f466432aa5a47334190f41ea_(4)_transcript_labeled.wav,customer,151.359,155.019,20745rect.
0a9fb8a8f466432aa5a47334190f41ea_(4)_transcript_labeled.wav,agent,155.419,157.915,Perfect.
0a9fb8a8f466432aa5a47334190f41ea_(4)_transcript_labeled.wav,customer,158.315,159.66,Okay.
0a9fb8a8f466432aa5a47334190f41ea_(4)_transcript_labeled.wav,agent,160.06,165.629,"Charlesfortunately, it does not look like we have service in that area."
0a9fb8a8f466432aa5a47334190f41ea_(4)_transcript_labeled.wav,agent,166.029,169.315,But thank you for looking to [ORGANIZATION] for your needs.
0a9fb8a8f466432aa5a47334190f41ea_(4)_transcript_labeled.wav,agent,169.715,174.91,"I'm very sorry, but we don't have a location that can service through your area."
0a9fb8a8f466432aa5a47334190f41ea_(4)_transcript_labeled.wav,customer,175.31,177.252,Thank you for considering us.
0a9fb8a8f466432aa5a47334190f41ea_(4)_transcript_labeled.wav,agent,177.652,178.805,All right.
00ae607b1b66470d8c22ecc59aa24159_transcript_labeled.wav,agent,0.0,5.057,Thank you for calling [ORGANIZATION] [ORGANIZATION].
00ae607b1b66470d8c22ecc59aa24159_transcript_labeled.wav,customer,5.457,10.321,You've reached our [ORGANIZATION] [ORGANIZATION].
00ae607b1b66470d8c22ecc59aa24159_transcript_labeled.wav,agent,10.721,13.869,"If this is an emergency, please hang off."
00ae607b1b66470d8c22ecc59aa24159_transcript_labeled.wav,customer,14.269,18.024,For help with domestic animals such as dogs or cats.
00ae607b1b66470d8c22ecc59aa24159_transcript_labeled.wav,agent,18.424,25.71,"For help rescuing or rehabilitating [INJURY], orphaned or Abandoned Wildlife, press [PHONE_NUMBER]."
00ae607b1b66470d8c22ecc59aa24159_transcript_labeled.wav,agent,26.11,31.263,For nuisance critters that are causing damage or danger to your own private property.
00ae607b1b66470d8c22ecc59aa24159_transcript_labeled.wav,agent,31.663,36.303,"For help with other wildlife related concerns, press [PHONE_NUMBER]."
00ae607b1b66470d8c22ecc59aa24159_transcript_labeled.wav,customer,36.703,39.2,To repeat these options.
00ae607b1b66470d8c22ecc59aa24159_transcript_labeled.wav,agent,39.6,45.115,Thank you for calling [ORGANIZATION] [ORGANIZATION].
00ae607b1b66470d8c22ecc59aa24159_transcript_labeled.wav,customer,45.515,49.132,You've reached our [ORGANIZATION] [ORGANIZATION].
00ae607b1b66470d8c22ecc59aa24159_transcript_labeled.wav,agent,49.532,52.125,"If this is an emergency, please."
00ae607b1b66470d8c22ecc59aa24159_transcript_labeled.wav,agent,52.525,58.093,"For help with domestic animals such as dogs or cats, press [PHONE_NUMBER]."
00ae607b1b66470d8c22ecc59aa24159_transcript_labeled.wav,customer,58.493,64.851,"For help rescuing or rehabilitating [INJURY], orphaned or abandoned wildlife."
00ae607b1b66470d8c22ecc59aa24159_transcript_labeled.wav,agent,65.251,73.465,"For nuisance critters that are causing damage or danger to your own private property, press [PHONE_NUMBER]."
00ae607b1b66470d8c22ecc59aa24159_transcript_labeled.wav,agent,73.865,78.506,For help with other w be recorded for quality assurance purposes.
00ae607b1b66470d8c22ecc59aa24159_transcript_labeled.wav,agent,78.906,84.517,Thank you for calling [ORGANIZATION] [ORGANIZATION].
00ae607b1b66470d8c22ecc59aa24159_transcript_labeled.wav,customer,84.917,88.203,We'll be with you in just a minute.
00ae607b1b66470d8c22ecc59aa24159_transcript_labeled.wav,agent,88.603,91.431,"Our network of vetted, trusted."
00ae607b1b66470d8c22ecc59aa24159_transcript_labeled.wav,agent,91.831,96.887,Thank you for calling [ORGANIZATION] [ORGANIZATION].
00ae607b1b66470d8c22ecc59aa24159_transcript_labeled.wav,agent,97.287,100.253,"May I have your name and zip code, please?"
00ae607b1b66470d8c22ecc59aa24159_transcript_labeled.wav,customer,100.653,106.499,"Hi, my name is [PERSON_NAME] [PERSON_NAME] and it's [LOCATION]."
00ae607b1b66470d8c22ecc59aa24159_transcript_labeled.wav,agent,106.899,110.324,"Sorry, could you repeat the zip code again?"
00ae607b1b66470d8c22ecc59aa24159_transcript_labeled.wav,customer,110.724,113.274,You were disconnecting a little bit.
00ae607b1b66470d8c22ecc59aa24159_transcript_labeled.wav,agent,113.674,116.917,Oay [LOCATION].
00ae607b1b66470d8c22ecc59aa24159_transcript_labeled.wav,customer,117.317,119.494,Thank you.
00ae607b1b66470d8c22ecc59aa24159_transcript_labeled.wav,agent,119.894,122.721,And what is your pest or animal issue?
00ae607b1b66470d8c22ecc59aa24159_transcript_labeled.wav,customer,123.121,129.202,Groundhogs.
00ae607b1b66470d8c22ecc59aa24159_transcript_labeled.wav,agent,129.602,131.779,Gotcha.
00ae607b1b66470d8c22ecc59aa24159_transcript_labeled.wav,customer,132.179,136.073,And by any chance do you know where they are located?
00ae607b1b66470d8c22ecc59aa24159_transcript_labeled.wav,agent,136.473,140.463,They're located all over the property.
00ae607b1b66470d8c22ecc59aa24159_transcript_labeled.wav,customer,140.863,144.437,"Okay, and is this a single family home?"
00ae607b1b66470d8c22ecc59aa24159_transcript_labeled.wav,agent,144.837,147.664,"No, it is a commercial."
00ae607b1b66470d8c22ecc59aa24159_transcript_labeled.wav,customer,148.064,151.638,Povertyh Commercial rot.
00ae607b1b66470d8c22ecc59aa24159_transcript_labeled.wav,agent,152.038,154.353,Thank you for the info.
00ae607b1b66470d8c22ecc59aa24159_transcript_labeled.wav,customer,154.753,160.461,Let me connect you with a partner company in our network to see about getting you a free quote or an appointment set up.
00ae607b1b66470d8c22ecc59aa24159_transcript_labeled.wav,agent,160.861,166.152,And there might be fees involved from them depending on the services they provide.
00ae607b1b66470d8c22ecc59aa24159_transcript_labeled.wav,customer,166.552,169.614,"Okay, give me one moment please."
00ae607b1b66470d8c22ecc59aa24159_transcript_labeled.wav,agent,170.014,174.793,So I do have here [ORGANIZATION] [ORGANIZATION].
00ae607b1b66470d8c22ecc59aa24159_transcript_labeled.wav,customer,175.193,179.781,Let me transfer you to them right now and text you their info.
00ae607b1b66470d8c22ecc59aa24159_transcript_labeled.wav,agent,180.181,185.888,But please give us a call or text us back in case they're not able to help you.
00ae607b1b66470d8c22ecc59aa24159_transcript_labeled.wav,agent,186.288,188.699,And we will ll gladly assist you.
00ae607b1b66470d8c22ecc59aa24159_transcript_labeled.wav,customer,189.099,193.228,Give me one second while I transfer this call.
00ae607b1b66470d8c22ecc59aa24159_transcript_labeled.wav,agent,193.628,196.359,You're welcome and have a great day.
00ae607b1b66470d8c22ecc59aa24159_transcript_labeled.wav,customer,196.759,198.147,Thank you.
00ae607b1b66470d8c22ecc59aa24159_transcript_labeled.wav,agent,198.547,201.694,This call may be recorded for quality assurance.
00ae607b1b66470d8c22ecc59aa24159_transcript_labeled.wav,customer,202.094,208.964,Thank you for choosing [ORGANIZATION] [ORGANIZATION] and the [OCCUPATION] [OCCUPATION] [OCCUPATION].
00ae607b1b66470d8c22ecc59aa24159_transcript_labeled.wav,agent,209.364,215.167,Please listen to our menu options carefully so we can get you the help you need as quickly as possible.
00ae607b1b66470d8c22ecc59aa24159_transcript_labeled.wav,agent,215.567,220.155,"For emergency service, please press [PHONE_NUMBER]."
00ae607b1b66470d8c22ecc59aa24159_transcript_labeled.wav,customer,220.555,231.137,"To schedule an appointment or to make a report on an active trap set, please for [PERSON_NAME] [PERSON_NAME], please For [PERSON_NAME] [PERSON_NAME], [ORGANIZATION]."
00ae607b1b66470d8c22ecc59aa24159_transcript_labeled.wav,agent,231.537,235.708,"[ORGANIZATION], this is [PERSON_NAME]."
00ae607b1b66470d8c22ecc59aa24159_transcript_labeled.wav,agent,236.108,237.73,How may I help you?
00ae607b1b66470d8c22ecc59aa24159_transcript_labeled.wav,customer,238.13,245.693,"Hi, my name is [PERSON_NAME] [PERSON_NAME] and I'm hoping you can help me with some groundhogs."
00ae607b1b66470d8c22ecc59aa24159_transcript_labeled.wav,agent,246.093,250.361,"Unfortunately, we're not taking groundhog calls right now."
00ae607b1b66470d8c22ecc59aa24159_transcript_labeled.wav,customer,250.761,260.873,We'just a little bit too busy with our bat removal season I'm not sure that we can get involved with a groundhog project at the moment where is it that you're located?
00ae607b1b66470d8c22ecc59aa24159_transcript_labeled.wav,agent,261.273,269.946,Maybe I can help you find someone [LOCATION] [LOCATION] [LOCATION] [LOCATION] in [LOCATION] what nown?
00ae607b1b66470d8c22ecc59aa24159_transcript_labeled.wav,customer,270.346,275.168,Did you try Critter Control?
00ae607b1b66470d8c22ecc59aa24159_transcript_labeled.wav,customer,275.568,284.39,"I have not yeah, you up I triedably be able to get you credit Control Yep, all right, so it's good thank you Yep Good luck by Bye."
0a09a190bf58411883164765cc9bf271_transcript_labeled.wav,agent,0.0,1.483,It's a great day.
0a09a190bf58411883164765cc9bf271_transcript_labeled.wav,agent,1.883,9.351,I'm m your [ORGANIZATION] [ORGANIZATION] [ORGANIZATION] [ORGANIZATION].
0a09a190bf58411883164765cc9bf271_transcript_labeled.wav,agent,9.751,13.229,This is [PERSON_NAME].
0a09a190bf58411883164765cc9bf271_transcript_labeled.wav,agent,13.629,15.528,How can I help you today?
0a09a190bf58411883164765cc9bf271_transcript_labeled.wav,customer,15.928,22.521,"Hello Ma, My name is [PERSON_NAME] from [ORGANIZATION] [ORGANIZATION]."
0a09a190bf58411883164765cc9bf271_transcript_labeled.wav,agent,22.921,24.447,How are you today?
0a09a190bf58411883164765cc9bf271_transcript_labeled.wav,customer,24.847,28.463,"I'm pretty good, thank you very much for asking."
0a09a190bf58411883164765cc9bf271_transcript_labeled.wav,agent,28.863,30.347,What about you?
0a09a190bf58411883164765cc9bf271_transcript_labeled.wav,customer,30.747,34.129,"Yeah, I'm okay."
0a09a190bf58411883164765cc9bf271_transcript_labeled.wav,agent,34.529,36.236,Thank you for asking.
0a09a190bf58411883164765cc9bf271_transcript_labeled.wav,customer,36.636,38.813,The reason for this call?
0a09a190bf58411883164765cc9bf271_transcript_labeled.wav,agent,39.213,42.925,I would like to know if you guys do installation for the union.
0a09a190bf58411883164765cc9bf271_transcript_labeled.wav,customer,43.325,45.363,Installation services.
0a09a190bf58411883164765cc9bf271_transcript_labeled.wav,agent,45.763,47.983,Let me go ahead and make sure.
0a09a190bf58411883164765cc9bf271_transcript_labeled.wav,agent,48.383,50.559,Let me gather your information.
0a09a190bf58411883164765cc9bf271_transcript_labeled.wav,agent,50.959,53.371,What is your first and last name?
0a09a190bf58411883164765cc9bf271_transcript_labeled.wav,customer,53.771,58.454,"Yes, my name Isus [PERSON_NAME]."
0a09a190bf58411883164765cc9bf271_transcript_labeled.wav,agent,58.854,60.337,Thank you very much.
0a09a190bf58411883164765cc9bf271_transcript_labeled.wav,agent,60.737,63.661,Can you spell your last name for me please?
0a09a190bf58411883164765cc9bf271_transcript_labeled.wav,customer,64.061,66.611,Of course.
0a09a190bf58411883164765cc9bf271_transcript_labeled.wav,agent,67.011,77.454,[PERSON_NAME] [PERSON_NAME] [PERSON_NAME] [PERSON_NAME] [PERSON_NAME] [PERSON_NAME] [PERSON_NAME] [PERSON_NAME].
0a09a190bf58411883164765cc9bf271_transcript_labeled.wav,customer,77.854,89.407,[PERSON_NAME] [PERSON_NAME] [PERSON_NAME] [PERSON_NAME] [PERSON_NAME] [PERSON_NAME] [PERSON_NAME].
0a09a190bf58411883164765cc9bf271_transcript_labeled.wav,agent,89.807,91.013,Thank you.
0a09a190bf58411883164765cc9bf271_transcript_labeled.wav,customer,91.413,98.048,"[PERSON_NAME], [PERSON_NAME], [PERSON_NAME] [PERSON_NAME]."
0a09a190bf58411883164765cc9bf271_transcript_labeled.wav,agent,98.448,99.974,Is that correct?
0a09a190bf58411883164765cc9bf271_transcript_labeled.wav,customer,100.374,105.431,"Yes, the first name date [PERSON_NAME], right?"
0a09a190bf58411883164765cc9bf271_transcript_labeled.wav,agent,105.831,107.218,"Yes, thank you."
0a09a190bf58411883164765cc9bf271_transcript_labeled.wav,customer,107.618,110.211,I show the number you're calling in on today.
0a09a190bf58411883164765cc9bf271_transcript_labeled.wav,agent,110.611,112.787,Is this the best number to reach?
0a09a190bf58411883164765cc9bf271_transcript_labeled.wav,agent,113.187,114.948,And this is a mobile phone?
0a09a190bf58411883164765cc9bf271_transcript_labeled.wav,customer,115.348,117.525,"No, the best number."
0a09a190bf58411883164765cc9bf271_transcript_labeled.wav,agent,117.925,119.685,Let me provide to you.
0a09a190bf58411883164765cc9bf271_transcript_labeled.wav,agent,120.085,126.39,"No, this is a company ph but you can reach out and ask for me at this number."
0a09a190bf58411883164765cc9bf271_transcript_labeled.wav,agent,126.79,131.751,And this is [ORGANIZATION] [ORGANIZATION] [ORGANIZATION].
0a09a190bf58411883164765cc9bf271_transcript_labeled.wav,customer,132.151,134.509,That is correct.
0a09a190bf58411883164765cc9bf271_transcript_labeled.wav,agent,134.909,141.587,"Yeah, I got an account and I show the zip card of the property that you're concerning about is [LOCATION]."
0a09a190bf58411883164765cc9bf271_transcript_labeled.wav,customer,141.987,143.929,Is that correct as well?
0a09a190bf58411883164765cc9bf271_transcript_labeled.wav,agent,144.329,146.228,"No, the zip code is."
0a09a190bf58411883164765cc9bf271_transcript_labeled.wav,customer,146.628,151.407,"Well, the SCO is related to the customer, not for the company."
0a09a190bf58411883164765cc9bf271_transcript_labeled.wav,agent,151.807,159.925,"In this case it'six [NUMBER_SEQUENCE] [NUMBER_SEQUENCE] yes, far I can see we don't offer service in the area, sir."
0a09a190bf58411883164765cc9bf271_transcript_labeled.wav,customer,160.325,164.774,[LOCATION] unfortunately it doesn't look like we have service in the area.
0a09a190bf58411883164765cc9bf271_transcript_labeled.wav,agent,165.174,171.905,"Okay, that will be great and thank you so much for what kind of service you would like to get an installation."
0a09a190bf58411883164765cc9bf271_transcript_labeled.wav,customer,172.305,175.922,Tell me just to see what I can do.
0a09a190bf58411883164765cc9bf271_transcript_labeled.wav,agent,176.322,178.36,This is just for diswasher.
0a09a190bf58411883164765cc9bf271_transcript_labeled.wav,customer,178.76,185.95,We have a dishwasher you need to be installed and I would like to know if you guys can help me to be installed.
0a09a190bf58411883164765cc9bf271_transcript_labeled.wav,agent,186.35,188.847,We already purchased the uni.
0a09a190bf58411883164765cc9bf271_transcript_labeled.wav,agent,189.247,192.255,We just need assistance for installation.
0a09a190bf58411883164765cc9bf271_transcript_labeled.wav,customer,192.655,195.205,Thank you very much for letting me know.
0a09a190bf58411883164765cc9bf271_transcript_labeled.wav,agent,195.605,198.017,Let me go ahead and do something.
0a09a190bf58411883164765cc9bf271_transcript_labeled.wav,customer,198.417,200.551,We do handle another company.
0a09a190bf58411883164765cc9bf271_transcript_labeled.wav,agent,200.951,208.002,Let me see if this company they do installations but let me go ahead and make sure if they cover this area and they calledr [OCCUPATION].
0a09a190bf58411883164765cc9bf271_transcript_labeled.wav,customer,208.402,211.229,Let me see.
0a09a190bf58411883164765cc9bf271_transcript_labeled.wav,agent,211.629,215.523,"Yes, as far as I can see [ORGANIZATION]."
0a09a190bf58411883164765cc9bf271_transcript_labeled.wav,customer,215.923,220.607,"[ORGANIZATION], they do have service in the area Area installation."
0a09a190bf58411883164765cc9bf271_transcript_labeled.wav,agent,221.007,223.418,"Okay, just give me one second."
0a09a190bf58411883164765cc9bf271_transcript_labeled.wav,customer,223.818,225.995,Oay.
0a09a190bf58411883164765cc9bf271_transcript_labeled.wav,agent,226.395,228.849,"Do you mind if a ple on hold, sir?"
0a09a190bf58411883164765cc9bf271_transcript_labeled.wav,agent,229.249,231.703,I'll be right back as soon as possible.
0a09a190bf58411883164765cc9bf271_transcript_labeled.wav,customer,232.103,235.815,No more than [DURATION] [DURATION].
0a09a190bf58411883164765cc9bf271_transcript_labeled.wav,agent,236.215,238.157,"Okay, go ahead."
0a09a190bf58411883164765cc9bf271_transcript_labeled.wav,customer,238.557,240.691,Thank you.
0a09a190bf58411883164765cc9bf271_transcript_labeled.wav,agent,241.091,244.057,"Thank you very much for waiting on the line, sir."
0a09a190bf58411883164765cc9bf271_transcript_labeled.wav,customer,244.457,245.802,Can you hear me?
0a09a190bf58411883164765cc9bf271_transcript_labeled.wav,agent,246.202,248.144,"Yes, I can hear you."
0a09a190bf58411883164765cc9bf271_transcript_labeled.wav,agent,248.544,250.39,I appreciate your patient.
0a09a190bf58411883164765cc9bf271_transcript_labeled.wav,customer,250.79,253.713,I'm sure for the long delay.
0a09a190bf58411883164765cc9bf271_transcript_labeled.wav,agent,254.113,256.194,I'm still working on this.
0a09a190bf58411883164765cc9bf271_transcript_labeled.wav,customer,256.594,260.904,Just give me one second on the line.
0a09a190bf58411883164765cc9bf271_transcript_labeled.wav,agent,261.304,262.649,Okay?
0a09a190bf58411883164765cc9bf271_transcript_labeled.wav,customer,263.049,266.335,One minute.
0a09a190bf58411883164765cc9bf271_transcript_labeled.wav,agent,266.735,267.983,Thank you.
0a09a190bf58411883164765cc9bf271_transcript_labeled.wav,customer,268.383,270.88,"Okay, take good time."
0a09a190bf58411883164765cc9bf271_transcript_labeled.wav,agent,271.28,280.561,"Okay, sir, as far as I can see we have a brand, we have a franchise as I mentioned before, they call [ORGANIZATION]."
0a09a190bf58411883164765cc9bf271_transcript_labeled.wav,customer,280.961,284.385,"[ORGANIZATION], they do installations."
0a09a190bf58411883164765cc9bf271_transcript_labeled.wav,agent,284.785,291.879,"But as far as I can see, I don't see a specific kind of service that you're looking for which is called thisw washer installation."
0a09a190bf58411883164765cc9bf271_transcript_labeled.wav,customer,292.279,297.101,"Because as you mentioned before, you have purchased this washer, right?"
0a09a190bf58411883164765cc9bf271_transcript_labeled.wav,agent,297.501,298.985,That is correct.
0a09a190bf58411883164765cc9bf271_transcript_labeled.wav,customer,299.385,301.465,Ye.
0a09a190bf58411883164765cc9bf271_transcript_labeled.wav,agent,301.865,304.138,So let me go ahead and do something.
0a09a190bf58411883164765cc9bf271_transcript_labeled.wav,agent,304.538,310.011,I'm going to send this information as a follow up and they will be reaching you back as soon as possible.
0a09a190bf58411883164765cc9bf271_transcript_labeled.wav,customer,310.411,313.985,"As far as I can see, [ORGANIZATION]."
0a09a190bf58411883164765cc9bf271_transcript_labeled.wav,agent,314.385,318.14,"[ORGANIZATION], they have service in the [LOCATION]."
0a09a190bf58411883164765cc9bf271_transcript_labeled.wav,customer,318.54,322.573,Do you want me to send this follow up and they can call you back?
0a09a190bf58411883164765cc9bf271_transcript_labeled.wav,agent,322.973,327.005,"Yes, but if you prefer, you can provide as well the phone number."
0a09a190bf58411883164765cc9bf271_transcript_labeled.wav,customer,327.405,330.233,But I can try to reach out him again that ye.
0a09a190bf58411883164765cc9bf271_transcript_labeled.wav,agent,330.633,332.436,We don't have a phone number.
0a09a190bf58411883164765cc9bf271_transcript_labeled.wav,agent,332.836,338.639,"If you try to call them, most likely the automatic system is going to send your call over to [PERSON_NAME] again."
0a09a190bf58411883164765cc9bf271_transcript_labeled.wav,customer,339.039,346.507,The [ORGANIZATION] [ORGANIZATION] [ORGANIZATION] they do a callack.
0a09a190bf58411883164765cc9bf271_transcript_labeled.wav,agent,346.907,349.873,I'm going to request a call back in order.
0a09a190bf58411883164765cc9bf271_transcript_labeled.wav,agent,350.273,352.865,They can reach it back as soon as possible.
0a09a190bf58411883164765cc9bf271_transcript_labeled.wav,agent,353.265,355.207,Let me tell your details.
0a09a190bf58411883164765cc9bf271_transcript_labeled.wav,agent,355.607,357.368,What is your name sir?
0a09a190bf58411883164765cc9bf271_transcript_labeled.wav,customer,357.768,361.054,I forgot to ask ius bus Bye.
0a09a190bf58411883164765cc9bf271_transcript_labeled.wav,agent,361.454,362.745,I got it.
0a09a190bf58411883164765cc9bf271_transcript_labeled.wav,customer,363.145,364.394,Ye.
0a09a190bf58411883164765cc9bf271_transcript_labeled.wav,agent,364.794,366.277,I remember.
0a09a190bf58411883164765cc9bf271_transcript_labeled.wav,customer,366.677,367.787,Thank you.
0a09a190bf58411883164765cc9bf271_transcript_labeled.wav,agent,368.187,371.292,From to [ORGANIZATION].
0a09a190bf58411883164765cc9bf271_transcript_labeled.wav,customer,371.692,373.687,Yes please.
0a09a190bf58411883164765cc9bf271_transcript_labeled.wav,agent,374.087,376.723,When they came return the call please.
0a09a190bf58411883164765cc9bf271_transcript_labeled.wav,customer,377.123,382.275,I would like to know how much is for you for installation in [LOCATION].
0a09a190bf58411883164765cc9bf271_transcript_labeled.wav,agent,382.675,386.388,"Okay, yeah, I'm gonna let them know."
0a09a190bf58411883164765cc9bf271_transcript_labeled.wav,customer,386.788,391.567,Just give me one second.
0a09a190bf58411883164765cc9bf271_transcript_labeled.wav,agent,391.967,394.752,"Make request, provide the email."
0a09a190bf58411883164765cc9bf271_transcript_labeled.wav,customer,395.152,402.161,But I can send the more information related to the customer and installation related to the unit.
0a09a190bf58411883164765cc9bf271_transcript_labeled.wav,agent,402.561,405.388,"Okay, let me say I know please."
0a09a190bf58411883164765cc9bf271_transcript_labeled.wav,agent,405.788,407.314,Your email.
0a09a190bf58411883164765cc9bf271_transcript_labeled.wav,agent,407.714,409.24,What is your email?
0a09a190bf58411883164765cc9bf271_transcript_labeled.wav,customer,409.64,413.811,"Yes, the email is [EMAIL_ADDRESS], right?"
0a09a190bf58411883164765cc9bf271_transcript_labeled.wav,agent,414.211,415.695,That is correct.
0a09a190bf58411883164765cc9bf271_transcript_labeled.wav,customer,416.095,420.085,See the service I am sending this information this follow up.
0a09a190bf58411883164765cc9bf271_transcript_labeled.wav,agent,420.485,422.981,"Okay, so I got everything need."
0a09a190bf58411883164765cc9bf271_transcript_labeled.wav,customer,423.381,427.51,I will pass this information on it.
0a09a190bf58411883164765cc9bf271_transcript_labeled.wav,agent,427.91,430.641,You will be contact as soon as possible.
0a09a190bf58411883164765cc9bf271_transcript_labeled.wav,agent,431.041,433.314,Is there anything else I can help you with?
0a09a190bf58411883164765cc9bf271_transcript_labeled.wav,customer,433.714,437.651,That would be great and thank you so much.
0a09a190bf58411883164765cc9bf271_transcript_labeled.wav,agent,438.051,441.251,You already helping me a lot and thank you so much.
0a09a190bf58411883164765cc9bf271_transcript_labeled.wav,customer,441.651,445.225,My pleasure.
0a09a190bf58411883164765cc9bf271_transcript_labeled.wav,agent,445.625,448.965,At the end of the call there will be a two question service.
0a09a190bf58411883164765cc9bf271_transcript_labeled.wav,agent,449.365,451.637,So we appreciate your feedback.
0a09a190bf58411883164765cc9bf271_transcript_labeled.wav,agent,452.037,454.907,So thank you for calling [ORGANIZATION].
0a09a190bf58411883164765cc9bf271_transcript_labeled.wav,customer,455.307,460.684,[ORGANIZATION] [ORGANIZATION] [ORGANIZATION].
0a09a190bf58411883164765cc9bf271_transcript_labeled.wav,agent,461.084,463.026,We appreciate your business.
0a09a190bf58411883164765cc9bf271_transcript_labeled.wav,customer,463.426,466.349,Have a great you too.
0a09a190bf58411883164765cc9bf271_transcript_labeled.wav,agent,466.749,468.649,Bye bye.
0a09a190bf58411883164765cc9bf271_transcript_labeled.wav,agent,469.049,472.473,Your feedback is important to [PERSON_NAME].
0a09a190bf58411883164765cc9bf271_transcript_labeled.wav,customer,472.873,475.797,Thank you for answering this quick two question survey.
0a09a190bf58411883164765cc9bf271_transcript_labeled.wav,agent,476.197,482.971,"On a scale of one to five with one being completely unsatisfied and five, being completely satisfied."
0a09a190bf58411883164765cc9bf271_transcript_labeled.wav,agent,483.371,485.963,Your inquiry resolved today.
0a09a190bf58411883164765cc9bf271_transcript_labeled.wav,agent,486.363,491.228,"During the call, please press 1 for yes, 2 for no."
0a09a190bf58411883164765cc9bf271_transcript_labeled.wav,agent,491.628,493.623,We appreciate your feedback.
0a09a190bf58411883164765cc9bf271_transcript_labeled.wav,customer,494.023,495.827,Have a great day.
0a296f9b6e5041ef88376519b63de20a_transcript_labeled.wav,agent,0.0,4.822,Thank you for calling [OCCUPATION] [OCCUPATION].
0a296f9b6e5041ef88376519b63de20a_transcript_labeled.wav,agent,5.222,8.369,We fix your pains for automotive service.
0a296f9b6e5041ef88376519b63de20a_transcript_labeled.wav,agent,8.769,13.591,"For residential or commercial services, press [PHONE_NUMBER]."
0a296f9b6e5041ef88376519b63de20a_transcript_labeled.wav,customer,13.991,18.259,For all other services or existing or call the D.O.
0a296f9b6e5041ef88376519b63de20a_transcript_labeled.wav,agent,18.659,25.39,will your [OCCUPATION] the [OCCUPATION] [OCCUPATION] replaces all types [OCCUPATION] [OCCUPATION].
0a296f9b6e5041ef88376519b63de20a_transcript_labeled.wav,customer,25.79,29.311,We fixture paints is DOS [LOCATION].
0a296f9b6e5041ef88376519b63de20a_transcript_labeled.wav,agent,29.711,36.015,"My name'Jennifer Bero, and I was wondering how much it would cost to have an estimate done on some windows."
0a296f9b6e5041ef88376519b63de20a_transcript_labeled.wav,customer,36.415,39.2,I need glass replaced in.
0a296f9b6e5041ef88376519b63de20a_transcript_labeled.wav,agent,39.6,42.331,They're the old type windows.
0a296f9b6e5041ef88376519b63de20a_transcript_labeled.wav,customer,42.731,45.281,I think they're called jealousy.
0a296f9b6e5041ef88376519b63de20a_transcript_labeled.wav,customer,45.681,55.613,"Jealousy windows that you have the crane, kind of like a trailer window door or they're actually on the windows."
0a296f9b6e5041ef88376519b63de20a_transcript_labeled.wav,agent,56.013,57.72,They're on the windows.
0a296f9b6e5041ef88376519b63de20a_transcript_labeled.wav,customer,58.12,60.713,I have about four oay.
0a296f9b6e5041ef88376519b63de20a_transcript_labeled.wav,agent,61.113,63.385,I wanted the pin.
0a296f9b6e5041ef88376519b63de20a_transcript_labeled.wav,customer,63.785,66.751,We do free estimates.
0a296f9b6e5041ef88376519b63de20a_transcript_labeled.wav,agent,67.151,71.141,"We'll go out there, look at it, see what kind of."
0a296f9b6e5041ef88376519b63de20a_transcript_labeled.wav,customer,71.541,73.206,"Oh, okay."
0a296f9b6e5041ef88376519b63de20a_transcript_labeled.wav,agent,73.606,76.017,Because I need new windows.
0a296f9b6e5041ef88376519b63de20a_transcript_labeled.wav,customer,76.417,80.589,"I'd like to get new windows, but I can't really afford that right now."
0a296f9b6e5041ef88376519b63de20a_transcript_labeled.wav,agent,80.989,82.653,I understand.
0a296f9b6e5041ef88376519b63de20a_transcript_labeled.wav,customer,83.053,85.23,So I'm just seeing what.
0a296f9b6e5041ef88376519b63de20a_transcript_labeled.wav,agent,85.63,88.553,What's wrong with the glass that's in there now?
0a296f9b6e5041ef88376519b63de20a_transcript_labeled.wav,customer,88.953,94.0,"Well, I just had roommate that has damaged o. I got you."
0a296f9b6e5041ef88376519b63de20a_transcript_labeled.wav,agent,94.4,95.606,Okay.
0a296f9b6e5041ef88376519b63de20a_transcript_labeled.wav,customer,96.006,99.068,Some are cracked and some are completely out.
0a296f9b6e5041ef88376519b63de20a_transcript_labeled.wav,agent,99.468,100.621,Okay.
0a296f9b6e5041ef88376519b63de20a_transcript_labeled.wav,customer,101.021,102.227,All right.
0a296f9b6e5041ef88376519b63de20a_transcript_labeled.wav,agent,102.627,104.387,And what is your name?
0a296f9b6e5041ef88376519b63de20a_transcript_labeled.wav,customer,104.787,107.753,[PERSON_NAME].
0a296f9b6e5041ef88376519b63de20a_transcript_labeled.wav,agent,108.153,111.397,The last name is [PERSON_NAME].
0a296f9b6e5041ef88376519b63de20a_transcript_labeled.wav,customer,111.797,132.363,[PERSON_NAME] [PERSON_NAME] [PERSON_NAME] [PERSON_NAME] [PERSON_NAME] [PERSON_NAME] [PERSON_NAME] [PERSON_NAME] [PERSON_NAME].
0a296f9b6e5041ef88376519b63de20a_transcript_labeled.wav,agent,132.763,133.915,Okay.
0a296f9b6e5041ef88376519b63de20a_transcript_labeled.wav,agent,134.315,136.631,And your phone number?
0a296f9b6e5041ef88376519b63de20a_transcript_labeled.wav,customer,137.031,139.858,"Okay, and what's that address?"
0a296f9b6e5041ef88376519b63de20a_transcript_labeled.wav,agent,140.258,142.296,It's [LOCATION].
0a296f9b6e5041ef88376519b63de20a_transcript_labeled.wav,customer,142.696,144.734,"I'm sorry, [LOCATION]."
0a296f9b6e5041ef88376519b63de20a_transcript_labeled.wav,agent,145.134,146.756,Okay.
0a296f9b6e5041ef88376519b63de20a_transcript_labeled.wav,customer,147.156,149.653,The number [LOCATION].
0a296f9b6e5041ef88376519b63de20a_transcript_labeled.wav,agent,150.053,151.163,Okay.
0a296f9b6e5041ef88376519b63de20a_transcript_labeled.wav,customer,151.563,156.065,[LOCATION] [LOCATION] [LOCATION].
0a296f9b6e5041ef88376519b63de20a_transcript_labeled.wav,agent,156.465,157.756,All rightn.
0a296f9b6e5041ef88376519b63de20a_transcript_labeled.wav,customer,158.156,162.605,What's the zip code?
0a296f9b6e5041ef88376519b63de20a_transcript_labeled.wav,agent,163.005,165.043,[LOCATION].
0a296f9b6e5041ef88376519b63de20a_transcript_labeled.wav,customer,165.443,168.174,Or.
0a296f9b6e5041ef88376519b63de20a_transcript_labeled.wav,agent,168.574,169.865,I'm sorry.
0a296f9b6e5041ef88376519b63de20a_transcript_labeled.wav,customer,170.265,173.551,[LOCATION].
0a296f9b6e5041ef88376519b63de20a_transcript_labeled.wav,agent,173.951,176.736,I don't know why it said [LOCATION] oay.
0a296f9b6e5041ef88376519b63de20a_transcript_labeled.wav,customer,177.136,184.006,"All right, and those windows, are they located like in the front of the house, the side, the back?"
0a296f9b6e5041ef88376519b63de20a_transcript_labeled.wav,agent,184.406,190.017,"There's one in the back of the house, and then there's 1, [PHONE_NUMBER], [LOCATION]."
0a296f9b6e5041ef88376519b63de20a_transcript_labeled.wav,customer,190.417,193.202,I think there's four in the front.
0a296f9b6e5041ef88376519b63de20a_transcript_labeled.wav,agent,193.602,195.64,They're not the entire window.
0a296f9b6e5041ef88376519b63de20a_transcript_labeled.wav,customer,196.04,198.217,There's like three panes on each.
0a296f9b6e5041ef88376519b63de20a_transcript_labeled.wav,agent,198.617,201.721,Like they said theyank they're a prank type.
0a296f9b6e5041ef88376519b63de20a_transcript_labeled.wav,customer,202.121,203.413,Got you.
0a296f9b6e5041ef88376519b63de20a_transcript_labeled.wav,agent,203.813,205.061,Okay.
0a296f9b6e5041ef88376519b63de20a_transcript_labeled.wav,customer,205.461,207.083,All right.
0a296f9b6e5041ef88376519b63de20a_transcript_labeled.wav,agent,207.483,213.191,"So, [PERSON_NAME], what I'll do is I'll get this typed up and over to scheduling."
0a296f9b6e5041ef88376519b63de20a_transcript_labeled.wav,agent,213.591,218.37,[PERSON_NAME] should be giving you a call if you don't hear from.
0a296f9b6e5041ef88376519b63de20a_transcript_labeled.wav,customer,218.77,222.995,"She's probably getting ready to leave, but you'll hear toor in the morning."
0a296f9b6e5041ef88376519b63de20a_transcript_labeled.wav,agent,223.395,224.601,Okay.
0a296f9b6e5041ef88376519b63de20a_transcript_labeled.wav,customer,225.001,226.623,Okay.
0a296f9b6e5041ef88376519b63de20a_transcript_labeled.wav,agent,227.023,229.061,All right.
0a296f9b6e5041ef88376519b63de20a_transcript_labeled.wav,customer,229.461,231.499,All right.
0a296f9b6e5041ef88376519b63de20a_transcript_labeled.wav,agent,231.899,233.382,Thank you.
0a296f9b6e5041ef88376519b63de20a_transcript_labeled.wav,customer,233.782,235.308,Thank you.
0a296f9b6e5041ef88376519b63de20a_transcript_labeled.wav,agent,235.708,237.234,Have a good daye.
0a1dbad1b56e49feb0ae9facf6c5c948_transcript_labeled.wav,agent,0.0,11.137,Thank you for calling [ORGANIZATION] [ORGANIZATION] [ORGANIZATION] [ORGANIZATION].
0a1dbad1b56e49feb0ae9facf6c5c948_transcript_labeled.wav,agent,11.537,13.713,We fix your pains.
0a1dbad1b56e49feb0ae9facf6c5c948_transcript_labeled.wav,agent,14.113,16.941,"If you know your party's extension, dial it now."
0a1dbad1b56e49feb0ae9facf6c5c948_transcript_labeled.wav,agent,17.341,27.827,"For existing customers inquiring about an order status or scheduled appointment, press [PHONE_NUMBER] to receive an estimate or place a new order for your home or business."
0a1dbad1b56e49feb0ae9facf6c5c948_transcript_labeled.wav,agent,28.227,35.513,"To speak with the [ORGANIZATION] [ORGANIZATION] [ORGANIZATION], press [PHONE_NUMBER]."
0a1dbad1b56e49feb0ae9facf6c5c948_transcript_labeled.wav,agent,35.913,40.639,If you have received an estimate you would like to move forward with class.
0a1dbad1b56e49feb0ae9facf6c5c948_transcript_labeled.wav,customer,41.039,45.029,"[OCCUPATION], We [ORGANIZATION] [ORGANIZATION]."
0a1dbad1b56e49feb0ae9facf6c5c948_transcript_labeled.wav,agent,45.429,49.184,This is [PERSON_NAME].
0a1dbad1b56e49feb0ae9facf6c5c948_transcript_labeled.wav,agent,49.584,51.067,How may I help you?
0a1dbad1b56e49feb0ae9facf6c5c948_transcript_labeled.wav,customer,51.467,59.5,"Hey, [PERSON_NAME], I have a developing crack coming across my windshield from a rock coming up off the highway."
0a1dbad1b56e49feb0ae9facf6c5c948_transcript_labeled.wav,agent,59.9,62.311,I'm sure you've never heard that before.
0a1dbad1b56e49feb0ae9facf6c5c948_transcript_labeled.wav,customer,62.711,65.773,So I'm wondering how do we fix this thing?
0a1dbad1b56e49feb0ae9facf6c5c948_transcript_labeled.wav,agent,66.173,67.838,What do we do?
0a1dbad1b56e49feb0ae9facf6c5c948_transcript_labeled.wav,customer,68.238,73.199,"Right, so first, do you know the approximate size of the damage?"
0a1dbad1b56e49feb0ae9facf6c5c948_transcript_labeled.wav,agent,73.599,76.383,The length of the crack?
0a1dbad1b56e49feb0ae9facf6c5c948_transcript_labeled.wav,customer,76.783,78.032,"Yes, sir."
0a1dbad1b56e49feb0ae9facf6c5c948_transcript_labeled.wav,agent,78.432,83.531,"I would say it's about, at this point, 16 inches."
0a1dbad1b56e49feb0ae9facf6c5c948_transcript_labeled.wav,customer,83.931,88.753,Okay.
0a1dbad1b56e49feb0ae9facf6c5c948_transcript_labeled.wav,agent,89.153,90.402,Right.
0a1dbad1b56e49feb0ae9facf6c5c948_transcript_labeled.wav,customer,90.802,94.835,So that would definitely need to be a windshter replacement.
0a1dbad1b56e49feb0ae9facf6c5c948_transcript_labeled.wav,agent,95.235,102.563,So what we can do to get that started for the price and the turn on time would be if you had the VIN number.
0a1dbad1b56e49feb0ae9facf6c5c948_transcript_labeled.wav,customer,102.963,104.212,All right.
0a1dbad1b56e49feb0ae9facf6c5c948_transcript_labeled.wav,agent,104.612,109.157,"And I'm staring at it, so let me read it out to you."
0a1dbad1b56e49feb0ae9facf6c5c948_transcript_labeled.wav,customer,109.557,111.125,"Yes, could."
0a1dbad1b56e49feb0ae9facf6c5c948_transcript_labeled.wav,agent,111.525,112.955,All right.
0a1dbad1b56e49feb0ae9facf6c5c948_transcript_labeled.wav,customer,113.355,118.967,[VEHICLE_ID] [VEHICLE_ID] [VEHICLE_ID] [VEHICLE_ID].
0a1dbad1b56e49feb0ae9facf6c5c948_transcript_labeled.wav,agent,119.367,125.394,[VEHICLE_ID] [VEHICLE_ID] [VEHICLE_ID] [VEHICLE_ID].
0a1dbad1b56e49feb0ae9facf6c5c948_transcript_labeled.wav,customer,125.794,130.573,[VEHICLE_ID] [VEHICLE_ID] [VEHICLE_ID] [VEHICLE_ID].
0a1dbad1b56e49feb0ae9facf6c5c948_transcript_labeled.wav,agent,130.973,134.078,[VEHICLE_ID].
0a1dbad1b56e49feb0ae9facf6c5c948_transcript_labeled.wav,customer,134.478,140.74,[VEHICLE_ID] [VEHICLE_ID] [VEHICLE_ID] [VEHICLE_ID].
0a1dbad1b56e49feb0ae9facf6c5c948_transcript_labeled.wav,agent,141.14,144.853,[VEHICLE_ID] [VEHICLE_ID].
0a1dbad1b56e49feb0ae9facf6c5c948_transcript_labeled.wav,customer,145.253,151.696,[VEHICLE_ID] [VEHICLE_ID] [VEHICLE_ID] [VEHICLE_ID].
0a1dbad1b56e49feb0ae9facf6c5c948_transcript_labeled.wav,agent,152.096,158.454,[VEHICLE_ID] [VEHICLE_ID] [VEHICLE_ID] [VEHICLE_ID].
0a1dbad1b56e49feb0ae9facf6c5c948_transcript_labeled.wav,customer,158.854,161.265,[VEHICLE_ID].
0a1dbad1b56e49feb0ae9facf6c5c948_transcript_labeled.wav,agent,161.665,162.914,Right.
0a1dbad1b56e49feb0ae9facf6c5c948_transcript_labeled.wav,customer,163.314,166.739,And thats for [DATE_INTERVAL] Civic.
0a1dbad1b56e49feb0ae9facf6c5c948_transcript_labeled.wav,agent,167.139,168.345,Yes.
0a1dbad1b56e49feb0ae9facf6c5c948_transcript_labeled.wav,customer,168.745,170.228,And the hatchback.
0a1dbad1b56e49feb0ae9facf6c5c948_transcript_labeled.wav,agent,170.628,176.933,"All right, so if you give me one second here, we can see if we can get that part and the price for you."
0a1dbad1b56e49feb0ae9facf6c5c948_transcript_labeled.wav,customer,177.333,179.467,"Okay, I'll be right back."
0a1dbad1b56e49feb0ae9facf6c5c948_transcript_labeled.wav,agent,179.867,181.158,"Hello, sir."
0a1dbad1b56e49feb0ae9facf6c5c948_transcript_labeled.wav,customer,181.558,184.289,Hy there.
0a1dbad1b56e49feb0ae9facf6c5c948_transcript_labeled.wav,agent,184.689,186.354,Thank you for holding.
0a1dbad1b56e49feb0ae9facf6c5c948_transcript_labeled.wav,customer,186.754,193.997,So it looks like we do have that price for you as well as we did notice that the windshield does have the lane departure.
0a1dbad1b56e49feb0ae9facf6c5c948_transcript_labeled.wav,agent,194.397,199.774,So that means it would need to be calibrated here at our shop in [LOCATION].
0a1dbad1b56e49feb0ae9facf6c5c948_transcript_labeled.wav,customer,200.174,203.929,So that would bring you to a total [TIME] even.
0a1dbad1b56e49feb0ae9facf6c5c948_transcript_labeled.wav,agent,204.329,208.874,[TIME].
0a1dbad1b56e49feb0ae9facf6c5c948_transcript_labeled.wav,customer,209.274,210.523,"Yes, sir."
0a1dbad1b56e49feb0ae9facf6c5c948_transcript_labeled.wav,agent,210.923,214.497,"And when's the first available time you can do that, I believe."
0a1dbad1b56e49feb0ae9facf6c5c948_transcript_labeled.wav,customer,214.897,216.38,One second.
0a1dbad1b56e49feb0ae9facf6c5c948_transcript_labeled.wav,agent,216.78,219.373,We can take a look at our schedule.
0a1dbad1b56e49feb0ae9facf6c5c948_transcript_labeled.wav,customer,219.773,221.672,Right.
0a1dbad1b56e49feb0ae9facf6c5c948_transcript_labeled.wav,agent,222.072,225.273,So I believe we can get that done as soon as tomorrow.
0a1dbad1b56e49feb0ae9facf6c5c948_transcript_labeled.wav,customer,225.673,229.247,Between looks like a [TIME] and [TIME].
0a1dbad1b56e49feb0ae9facf6c5c948_transcript_labeled.wav,agent,229.647,234.661,"Yeah, I just don't know my schedule is going to allow for that."
0a1dbad1b56e49feb0ae9facf6c5c948_transcript_labeled.wav,customer,235.061,239.744,Right now I'm under the wire for more things than I can begin to explain.
0a1dbad1b56e49feb0ae9facf6c5c948_transcript_labeled.wav,agent,240.144,241.627,Hu okay.
0a1dbad1b56e49feb0ae9facf6c5c948_transcript_labeled.wav,customer,242.027,243.735,But that will work?
0a1dbad1b56e49feb0ae9facf6c5c948_transcript_labeled.wav,agent,244.135,245.383,Yes.
0a1dbad1b56e49feb0ae9facf6c5c948_transcript_labeled.wav,customer,245.783,247.032,Today?
0a1dbad1b56e49feb0ae9facf6c5c948_transcript_labeled.wav,agent,247.432,248.819,Presently.
0a1dbad1b56e49feb0ae9facf6c5c948_transcript_labeled.wav,customer,249.219,250.468,Shoot.
0a1dbad1b56e49feb0ae9facf6c5c948_transcript_labeled.wav,agent,250.868,252.671,I just don't know.
0a1dbad1b56e49feb0ae9facf6c5c948_transcript_labeled.wav,customer,253.071,257.851,But I do have a question to give me time to get out to [LOCATION].
0a1dbad1b56e49feb0ae9facf6c5c948_transcript_labeled.wav,agent,258.251,262.283,"I work in [LOCATION], so it's not far."
0a1dbad1b56e49feb0ae9facf6c5c948_transcript_labeled.wav,customer,262.683,265.319,But where in [LOCATION] are you?
0a1dbad1b56e49feb0ae9facf6c5c948_transcript_labeled.wav,agent,265.719,271.607,So I can re right off a [LOCATION] [LOCATION] [LOCATION] exit.
0a1dbad1b56e49feb0ae9facf6c5c948_transcript_labeled.wav,customer,272.007,273.299,Right.
0a1dbad1b56e49feb0ae9facf6c5c948_transcript_labeled.wav,agent,273.699,275.737,I know where you're at.
0a1dbad1b56e49feb0ae9facf6c5c948_transcript_labeled.wav,customer,276.137,282.537,"So this thing has advanced, oh, almost 2 inches in the past, like [DURATION] [DURATION]."
0a1dbad1b56e49feb0ae9facf6c5c948_transcript_labeled.wav,agent,282.937,288.549,So how do I slow it down or what happens when the crack reaches all the way the top of the glass?
0a1dbad1b56e49feb0ae9facf6c5c948_transcript_labeled.wav,customer,288.949,291.733,This seem'going to break in half on me or what?
0a1dbad1b56e49feb0ae9facf6c5c948_transcript_labeled.wav,agent,292.133,293.339,Right.
0a1dbad1b56e49feb0ae9facf6c5c948_transcript_labeled.wav,customer,293.739,297.772,So it would kind of depend on the frequency when you drive it more.
0a1dbad1b56e49feb0ae9facf6c5c948_transcript_labeled.wav,agent,298.172,301.97,Feel like the pressure of the speed you going.
0a1dbad1b56e49feb0ae9facf6c5c948_transcript_labeled.wav,customer,302.37,310.029,"So I would say to kind of stop that to see if you can drive less, but for it to keep spreading, it'll happen the more you drive it."
0a1dbad1b56e49feb0ae9facf6c5c948_transcript_labeled.wav,agent,310.429,311.817,Right.
0a1dbad1b56e49feb0ae9facf6c5c948_transcript_labeled.wav,customer,312.217,315.001,So I'm thinking to drive to [LOCATION] even.
0a1dbad1b56e49feb0ae9facf6c5c948_transcript_labeled.wav,agent,315.401,319.669,How can I try to prevent this crack from spreading before I get to [LOCATION]?
